,,,,,,
,,,,,,
,1,Nezlaw Bettina,01.01.1995,31,Schwester,01011995
,2,Ebert Luise,01.01.2002,24,Schwester,01012002
,3,Bechthold Elias,01.01.2004,22,Bruder,01012004
,4,Roth Liane,02.01.2002,24,Schwester,01022002
,5,Anselm Melissa,02.01.2008,18,Schwester,01022008
,6,Pazer Hanna,02.01.2009,17,Schwester,01022009
,7,Hornus Anton,03.01.1999,27,Bruder,01031999
,8,Schurawel Zelia,04.01.2008,18,Schwester,01042008
,9,Ziebert Janis,4.1.2010,"16,0",Bruder,01042010
,10,König Julia,05.01.1997,29,Schwester,01051997
,11,Eckstädt Karina,05.01.1997,29,Schwester,01051997
,12,Peter Fast,07.01.1958,68,Bruder,01071958
,13,Goger Julia,07.01.1994,32,Schwester,01071994
,14,Tsupruk Viktoriia,07.01.2008,18,Schwester,01072008
,15,Siebert Wadim,08.01.1989,37,Bruder,01081989
,16,Stelter Kevin,08.01.1997,29,Bruder,01081997
,17,Barz Kevin,08.01.2002,24,Bruder,01082002
,18,Gebel Christian,09.01.1997,29,Bruder,01091997
,19,Ewert Violetta,09.01.1997,29,Schwester,01091997
,20,Janzen Daniel,10.01.1996,30,Bruder,01101996
,21,Metzler Emily,10.01.2004,22,Schwester,01102004
,22,Gesswein Daniel,11.01.1986,40,Bruder,01111986
,23,Lobzov Eugenia,11.01.2008,18,Schwester,01112008
,24,Lehr Juliane,12.01.1993,33,Schwester,01121993
,25,Schurawel Ilona,12.01.1996,30,Schwester,01121996
,26,Ewert James,12.01.2005,21,Bruder,01122005
,27,Kotschetkow Serena,13.1.2010,16,Schwester,01132010
,28,Torchylo Dina,14.01.1990,36,Schwester,01141990
,29,Neumann Celine,14.01.2005,21,Schwester,01142005
,30,Zernikel Maik,15.01.2008,18,Bruder,01152008
,31,Ewert Michael,16.01.2005,21,Bruder,01162005
,32,Schoschin Olesja,17.01.1984,42,Schwester,01171984
,33,Moser Luise,18.01.1995,31,Schwester,01181995
,34,Just Markus,18.01.1998,28,Bruder,01181998
,35,Kunz Stefanie,18.01.2006,20,Schwester,01182006
,36,Krumbacher Enrico,19.01.2007,19,Bruder,01192007
,37,Krüger Edmund,20.01.1998,28,Bruder,01201998
,38,Wegent Carolin,21.01.2001,25,Schwester,01212001
,39,Ellrich Anastasia ,22.01.2009,17,Schwester,01222009
,40,Dachtler Sergej,23.01.1987,39,Bruder,01231987
,41,Dalinger Oliver,23.01.2007,19,Bruder,01232007
,42,Moser Miriam,24.01.1992,34,Schwester,01241992
,43,Fast Leon,25.01.2007,19,Bruder,01252007
,44,Preis Jonathan,26.01.2006,20,Bruder,01262006
,45,Hermann Elina,26.1.2010,16,Schwester,01262010
,46,Sartison Melissa,26.1.2010,16,Auf Probe,01262010
,47,Sonnenberg Lukas,27.01.2007,19,Bruder,01272007
,48,Ihnat Rubin,28.01.2001,25,Bruder,01282001
,49,Vogel Emmi,28.01.2007,19,Schwester,01282007
,50,Gebel Ina,29.01.2006,20,Schwester,01292006
,51,Pedde Anna,29.01.2007,19,Schwester,01292007
,52,Peno Miriam,31.01.1995,31,Schwester,01311995
,53,Trippel Tim,31.1.2010,16,Bruder,01312010
,54,Ewert Victoria,01.02.2000,26,Schwester,02012000
,55,Rose Jonathan,01.02.2002,24,Bruder,02012002
,56,Schütz Wilhelm,03.02.1996,30,Bruder,02031996
,57,Steinbrenner Noel,04.02.2008,18,Bruder,02042008
,58,Zimmermann Andreas,05.02.1985,41,Bruder,02051985
,59,Frank Juliane,07.02.2008,18,Schwester,02072008
,60,Witmaier Selin,08.02.2001,25,Schwester,02082001
,61,Babii Larysa,08.02.2007,19,Schwester,02082007
,62,Penkowski Alena,09.02.2005,21,Schwester,02092005
,63,Albert Milena,10.02.2007,19,Schwester,02102007
,64,Adler Lilli,11.02.1990,36,Schwester,02111990
,65,Dyomina Karolina,11.02.2006,20,Schwester,02112006
,66,Bechthold Alexander,13.02.2002,24,Bruder,02132002
,67,Gesswein Damian,13.02.2009,17,Bruder,02132009
,68,König Allessandro,13.2.2010,16,Auf Probe,02132010
,69,König Sascha,13.2.2010,16,Auf Probe,02132010
,70,König Renate,14.02.1996,30,Schwester,02141996
,71,Kebernik Jannik,14.02.2003,23,Bruder,02142003
,72,Reiter Mark,14.2.2010,16,Bruder,02142010
,73,Kotschetkow Eliano,15.02.2008,18,Bruder,02152008
,74,Lehr Ilona,16.02.1994,32,Schwester,02161994
,75,Janzen Paul,20.02.2007,19,Bruder,02202007
,76,Betz Tina,20.02.2008,18,Schwester,02202008
,77,Penkowski Elias,20.02.2009,17,Bruder,02202009
,78,Gesswein Jan,21.02.2004,22,Bruder,02212004
,79,König Celine,21.02.2006,20,Schwester,02212006
,80,Brauer Tabea,21.02.2008,18,Schwester,02212008
,81,Bernd Lisa,22.02.1997,29,Schwester,02221997
,82,Schütz Celia,22.02.2005,21,Schwester,02222005
,83,Dyomina Karina,22.02.2009,17,Schwester,02222009
,84,Kirchhöfer Daniel,24.02.2006,20,Bruder,02242006
,85,Reiter Marcel,25.02.2008,18,Bruder,02252008
,86,Büttner Diana,25.02.2008,18,Schwester,02252008
,87,Barleben Melanie,01.03.2008,18,Schwester,03012008
,88,Haselbach Milena,03.03.2006,20,Schwester,03032006
,89,Akulenko Fabienne,03.03.2007,19,Schwester,03032007
,90,Krüger Robin,04.03.2009,17,Bruder,03042009
,91,Rose David,5.3.1999,27,Bruder,03051999
,92,Woiwode Dominik,05.03.2000,26,Bruder,03052000
,93,Stelter Anika,06.03.2006,20,Schwester,03062006
,94,Grenz Jennifer,07.03.2005,21,Schwester,03072005
,95,Jäger Irina,08.03.1985,41,Schwester,03081985
,96,Zimmermann Leona,8.3.2010,16,Schwester,03082010
,97,Preis Anita,09.03.2004,22,Schwester,03092004
,98,Roth Helene,10.03.1987,39,Schwester,03101987
,99,Cirlan Naomi,10.03.2008,18,Schwester,03102008
,100,Steinbrenner Finn,12.03.2007,19,Bruder,03122007
,101,Gesswein Sascha,12.03.2009,17,Bruder,03122009
,102,Kebernik Maik,13.03.2001,25,Bruder,03132001
,103,Nykytchenko Revekka,13.03.2003,23,Schwester,03132003
,104,Fast Jens,14.03.1996,30,Bruder,03141996
,105,Kortschewski Jannik,14.03.2005,21,Bruder,03142005
,106,Fast Jamie,16.03.2009,17,Schwester,03162009
,107,Meier Moris,18.03.2002,24,Bruder,03182002
,108,Kebernik Fabian,18.03.2004,22,Bruder,03182004
,109,Gebel Anita,20.03.2002,24,Schwester,03202002
,110,Jochim Miguel,20.3.2010,16,Auf Probe,03202010
,111,Rose Christian,21.03.1995,31,Bruder,03211995
,112,Pazer Nicky,21.03.2003,23,Bruder,03212003
,113,Gesswein Dorothea,22.03.2006,20,Schwester,03222006
,114,Kebernik Michelle,24.03.2003,23,Schwester,03242003
,115,Sanez Angelina,25.03.2007,19,Schwester,03252007
,116,Ewert Danny,25.3.2010,16,Bruder,03252010
,117,Ebert Diana,26.03.2001,25,Schwester,03262001
,118,Dojan Leonie,26.3.2010,16,Schwester,03262010
,119,Schütz Winfried,27.03.1998,28,Bruder,03271998
,120,Eckstädt Leon,28.3.2010,16,Bruder,03282010
,121,Rose Jenny,29.03.2006,20,Schwester,03292006
,122,Schneider Marita,29.03.2007,19,Schwester,03292007
,123,Peno Jimmy,01.04.2002,24,Bruder,04012002
,124,Zirk Luana,02.04.2005,21,Schwester,04022005
,125,Krüger Andreas,04.04.1989,37,Bruder,04041989
,126,Pazer Maxim,04.04.2007,19,Bruder,04042007
,127,Vogel Erwin,06.04.1990,36,Bruder,04061990
,128,Schütz Melissa,07.04.2002,24,Schwester,04072002
,129,Kunz Talia,08.04.2005,21,Schwester,04082005
,130,Frank Adelja,09.04.1987,39,Schwester,04091987
,131,Witmaier Diana,09.04.1990,36,Schwester,04091990
,132,Vogel Jonathan,09.04.1996,30,Bruder,04091996
,133,Barleben Laura,12.4.2010,16,Schwester,04122010
,134,Tsupruk Aliana,13.4.2009,17,Schwester,04132009
,135,Vogel Rony,14.04.2005,21,Bruder,04142005
,136,Rose Thomas,15.04.1997,29,Bruder,04151997
,137,Obenauer Jaden,15.04.2007,19,Bruder,04152007
,138,Barz Sofia,15.04.2009,17,Schwester,04152009
,139,Felker Julian,16.04.2005,21,Bruder,04162005
,140,Krüger Liana,16.04.2005,21,Schwester,04162005
,141,Fast Katharina,17.04.1992,34,Schwester,04171992
,142,Bullert Mailin,17.04.2002,24,Schwester,04172002
,143,Kebernik Marius,18.04.2007,19,Bruder,04182007
,144,Vogel Jessica,19.04.2002,24,Schwester,04192002
,145,Nykytchenko Azarii,20.4.2007,19,Bruder,04202007
,146,Köhler Evelina,21.04.1993,33,Schwester,04211993
,147,Kunz Selina,21.04.2002,24,Schwester,04212002
,148,König Noel,22.4.2010,16,Bruder,04222010
,149,Ewert Elvis,23.04.2005,21,Bruder,04232005
,150,Schütz Arthur,25.04.1998,28,Bruder,04251998
,151,Barleben Luca,26.04.2006,20,Bruder,04262006
,152,Roth Ilona,27.04.2000,26,Schwester,04272000
,153,Stelter Domenik,27.04.2009,17,Bruder,04272009
,154,Zirk Lewin,29.4.2010,16,Bruder,04292010
,155,Gebel Robert,30.04.1997,29,Bruder,04301997
,156,Kussmaul Fabio,01.05.2009,17,Bruder,05012009
,157,Lehr Christian,1.5.2010,16,Bruder,05012010
,158,Gesswein Domenic,04.05.2010,16,Bruder,05042010
,159,Fast Ronny,05.05.2008,18,Bruder,05052008
,160,Kirchhöfer Paul,06.05.1998,28,Bruder,05061998
,161,Mironiuk Elizabeth,06.05.2006,20,Schwester,05062006
,162,Friesen Fabian,07.05.2003,23,Bruder,05072003
,163,Schmal Eugen,08.05.1999,27,Bruder,05081999
,164,Preis Matthias,09.05.2002,24,Bruder,05092002
,165,Peno Leon,09.05.2006,20,Bruder,05092006
,166,Lukaschuk Anna,10.05.2003,23,Schwester,05102003
,167,Ewert Andy,10.05.2007,19,Bruder,05102007
,168,Fast Kai-Louis,10.05.2008,18,Bruder,05102008
,169,Fast Johann,11.05.1985,41,Bruder,05111985
,170,Schütz Elina,11.5.2010,16,Schwester,05112010
,171,Vogel Erika,12.05.1988,38,Schwester,05121988
,172,Kleimann Daniel,12.05.1993,33,Bruder,05121993
,173,Reiter Tim,12.05.2004,22,Bruder,05122004
,174,Ewert Joanna,12.05.2008,18,Schwester,05122008
,175,Gesswein Linnea,12.5.2010,16,Schwester,05122010
,176,Goas Laura,12.5.2010,16,Schwester,05122010
,177,Walter Lea,12.5.2010,16,Schwester,05122010
,178,Hasselwanderer Lara,13.05.2006,20,Schwester,05132006
,179,Gesswein Walter,15.05.1982,44,Bruder,05151982
,180,Kromm Julian,17.05.2005,21,Bruder,05172005
,181,Krüger Leon Alexander ,18.05.2004,22,Bruder,05182004
,182,Schütz Anita,21.05.2003,23,Schwester,05212003
,183,Huck Vanessa,24.05.1998,28,Schwester,05241998
,184,Neumann Jason,26.05.2002,24,Bruder,05262002
,185,Peno Joana,27.05.2009,17,Schwester,05272009
,186,Preis Melissa,27.5.2009,17,Schwester,05272009
,187,Nezlaw Jenny,28.05.2003,23,Schwester,05282003
,188,Krumbacher Rebekka,28.5.2006,20,Schwester,05282006
,189,Krüger Nelli,30.05.1999,27,Schwester,05301999
,190,Friesen Daniel,30.05.2001,25,Bruder,05302001
,191,König Jonas,30.05.2007,19,Bruder,05302007
,192,Vogel Josef,01.06.1998,28,Bruder,06011998
,193,Nykytchenko Lidiia,01.06.2004,22,Schwester,06012004
,194,König Fabio,01.06.2006,20,Bruder,06012006
,195,Bohaichuk Ilja,01.06.2007,19,Bruder,06012007
,196,Fast Liah,2.6.2010,16,Schwester,06022010
,197,Trippel John,03.06.2008,18,Bruder,06032008
,198,Klause Matthias,05.06.1997,29,Bruder,06051997
,199,Pazer Tina,06.06.1998,28,Schwester,06061998
,200,Krüger Laureen,07.06.2004,22,Schwester,06072004
,201,Gesswein Florian,7.6.2010,16,Bruder,06072010
,202,Witmaier Jimmy,08.06.1998,28,Bruder,06081998
,203,Lehr Stella,9.6.2010,16,Schwester,06092010
,204,Asselborn Samuel,14.06.1997,29,Bruder,06141997
,205,Schütz Julia,14.06.2000,26,Schwester,06142000
,206,Kussmaul Fabio,14.06.2008,18,Bruder,06142008
,207,Bullert Devin,14.6.2010,16,Bruder,06142010
,208,Belik Regina,16.06.1990,36,Schwester,06161990
,209,Schneider Laura ,17.06.2009,17,Schwester,06172009
,210,Jung Jaden,18.6.2010,16,Bruder,06182010
,211,Penkowski Lukas,19.06.2002,24,Bruder,06192002
,212,Pedde Paul,20.06.2005,21,Bruder,06202005
,213,Siebert Alexander,21.06.1982,44,Bruder,06211982
,214,Roth Helene,22.06.1985,41,Schwester,06221985
,215,Usinger Elina,22.06.2007,19,Schwester,06222007
,216,Pazer Elena,22.6.2010,16,Schwester,06222010
,217,Roth Alina,23.06.1995,31,Schwester,06231995
,218,Reiter Devid,23.06.2006,20,Bruder,06232006
,219,Friesen Naemie,23.06.2007,19,Schwester,06232007
,220,Rose Roman,24.06.1988,38,Bruder,06241988
,221,Schneider Silvia,24.06.1999,27,Schwester,06241999
,222,Barleben Alexander,24.06.2001,25,Bruder,06242001
,223,Bayer Vivien,25.06.2007,19,Schwester,06252007
,224,Betz Julian,28.06.2005,21,Bruder,06282005
,225,Kindra Lena,29.06.1996,30,Schwester,06291996
,226,Ebert Veronika,29.06.1998,28,Schwester,06291998
,227,Altmann Florian,29.06.1998,28,Bruder,06291998
,228,Zernikel Lukas,29.06.2002,24,Bruder,06292002
,229,Barleben Markus,30.06.2004,22,Bruder,06302004
,230,Eckstädt Emily,30.06.2008,18,Schwester,06302008
,231,Reiter Loreen,01.07.2007,19,Schwester,07012007
,232,Kunz Tobias,01.07.2009,17,Bruder,07012009
,233,Kunz Daniel,01.07.2009,17,Bruder,07012009
,234,Barz Joel,02.07.2007,19,Bruder,07022007
,235,Zirk Phillip,02.07.2007,19,Bruder,07022007
,236,Bevza Sergey,04.07.2007,19,Bruder,07042007
,237,Bullert Roni,06.07.1996,30,Bruder,07061996
,238,Lehr Alexander,06.07.2005,21,Bruder,07062005
,239,Betz Liane,07.07.2005,21,Schwester,07072005
,240,Kebernik Michael,09.07.1993,33,Bruder,07091993
,241,Kussmaul Aylin,10.07.2007,19,Schwester,07102007
,242,Schütz Daniel,11.07.1990,36,Bruder,07111990
,243,Krüger Diana,11.07.2006,20,Schwester,07112006
,244,Just Daniel,12.07.1995,31,Bruder,07121995
,245,Roth Simon,12.07.2004,22,Schwester,07122004
,246,Hermann Liane,12.07.2008,18,Schwester,07122008
,247,Neufeld Samuel,14.07.1993,33,Bruder,07141993
,248,Bechthold Daniel,14.07.2002,24,Bruder,07142002
,249,Bechthold Miriam,15.07.2000,26,Schwester,07152000
,250,Hermann Jan,15.07.2003,23,Bruder,07152003
,251,Fast Jana,16.07.2000,26,Schwester,07162000
,252,Roscher Judith,18.07.1995,31,Schwester,07181995
,253,Vogel Esther,18.07.2003,23,Schwester,07182003
,254,Bayer Phillipp,19.07.2005,21,Bruder,07192005
,255,Peno Inessa,20.07.1996,30,Schwester,07201996
,256,Martel Xenia,20.07.1999,27,Schwester,07201999
,257,Stelter Lena,20.07.2007,19,Schwester,07202007
,258,König Jasmin,21.07.2001,25,Schwester,07212001
,259,Krüger Antonia,21.7.2010,16,Schwester,07212010
,260,Fast Ella,24.07.1988,38,Schwester,07241988
,261,Janzen Martin ,25.07.1986,40,Bruder,07251986
,262,Just Manuel,27.07.1992,34,Bruder,07271992
,263,König Enrico,27.07.2008,18,Bruder,07272008
,264,Rombach Tobias,28.07.2000,26,Bruder,07282000
,265,Gesswein David,28.07.2006,20,Bruder,07282006
,266,Gesswein Jonathan,28.07.2006,20,Bruder,07282006
,267,Fast Caitlyn,29.07.2007,19,Schwester,07292007
,268,Roth Samuel,30.07.1991,35,Bruder,07301991
,269,Pedde Weronika,30.07.2009,17,Schwester,07302009
,270,Dittrich Eva,31.07.2002,24,Schwester,07312002
,271,Langlitz Denis,01.08.1995,31,Bruder,08011995
,272,Hermann Matthias,01.08.2001,25,Bruder,08012001
,273,Gesswein Kevin,01.08.2009,17,Bruder,08012009
,274,Just Diana,03.08.1991,35,Schwester,08031991
,275,Peno Lena,04.08.2006,20,Schwester,08042006
,276,Siebert Luca,04.08.2009,17,Bruder,08042009
,277,Vogel Enrico,05.08.2001,25,Bruder,08052001
,278,Schurawel Maylin,05.08.2009,17,Schwester,08052009
,279,Haselbach Liane,05.08.2009,17,Schwester,08052009
,280,Reiter Jason,6.8.2010,16,Bruder,08062010
,281,Merkel Davis,07.08.2005,21,Bruder,08072005
,282,Gesswein Julia,07.08.2006,20,Schwester,08072006
,283,Obenauer Selina,07.08.2008,18,Schwester,08072008
,284,Steve Pazer,08.08.2001,25,Bruder,08082001
,285,Kromm Alina,08.08.2006,20,Schwester,08082006
,286,Paul Liora,08.08.2007,19,Schwester,08082007
,287,Betz Jana,09.08.2003,23,Schwester,08092003
,288,Wegent Marc,10.08.2002,24,Bruder,08102002
,289,Anselm Elias,10.08.2009,17,Bruder,08102009
,290,Barleben Thalia,10.08.2009,17,Schwester,08102009
,291,Lenz Jessica,11.08.1996,30,Schwester,08111996
,292,Gebel Irina,12.08.1988,38,Schwester,08121988
,293,Era Rene,12.08.2004,22,Bruder,08122004
,294,Neufeld Timo,12.08.2009,17,Bruder,08122009
,295,Just Jonas,13.08.2003,23,Bruder,08132003
,296,Bohle David,15.08.2003,23,Bruder,08152003
,297,Lehr Domenic,15.08.2008,18,Bruder,08152008
,298,Peters Robin,15.08.2008,18,Bruder,08152008
,299,Hohenstein Eva,16.08.2000,26,Schwester,08162000
,300,Dachtler Philipp,16.08.2009,17,Bruder,08162009
,301,Janzen Walter,18.08.1994,32,Bruder,08181994
,302,Eckstädt Erik,18.08.2006,20,Bruder,08182006
,303,Nezlaw Frieda,19.08.1988,38,Schwester,08191988
,304,Rose Rudi,19.08.1992,34,Bruder,08191992
,305,Bechthold Mark,20.08.2005,21,Bruder,08202005
,306,Dojan Luca,20.08.2007,19,Bruder,08202007
,307,Perrey Kilian,20.8.2007,19,Auf Probe,08202007
,308,Janzen Jaden-Louis,21.08.2007,19,Bruder,08212007
,309,Konradi Leon,25.08.2006,20,Bruder,08252006
,310,Kirchhöfer Katrin,26.08.2004,22,Schwester,08262004
,311,Kunz Luanne,28.08.2008,18,Schwester,08282008
,312,Fast Robin,28.08.2008,18,Bruder,08282008
,313,Felker Daniel,29.08.2007,19,Bruder,08292007
,314,Janzen Julia,30.08.1994,32,Schwester,08301994
,315,Pedde Wirsawija,30.08.2003,23,Schwester,08302003
,316,Barz Lorina,30.8.2010,16,Schwester,08302010
,317,Zirk Jonas,01.09.2005,21,Bruder,09012005
,318,Schotsch Klaudia,02.09.1975,51,Ehrenmitglied,09021975
,319,Steinbrenner John,02.09.1998,28,Bruder,09021998
,320,Roth Matthias,03.09.1994,32,Bruder,09031994
,321,Krumbacher Chiara,03.09.2009,17,Schwester,09032009
,322,Kortschewski Lia,04.09.2008,18,Schwester,09042008
,323,Miller Virgina,05.09.2007,19,Schwester,09052007
,324,Barleben Samuel,10.09.1999,27,Bruder,09101999
,325,Tarasiuk Alla,11.09.1999,27,Schwester,09111999
,326,Lange Lukas,11.09.2008,18,Bruder,09112008
,327,Fast Dennis,13.09.1999,27,Bruder,09131999
,328,Balika Ivanela,13.09.2008,18,Schwester,09132008
,329,Fast Danny,14.09.2006,20,Bruder,09142006
,330,Krause Evelyna,15.09.1995,31,Schwester,09151995
,331,Witmaier Justin,15.09.1999,27,Bruder,09151999
,332,Paul Enrico,15.09.2005,21,Bruder,09152005
,333,Ferber Thomas,16.09.1992,34,Bruder,09161992
,334,Just Annika,17.09.1999,27,Schwester,09171999
,335,Schütz Jonas,17.09.2006,20,Bruder,09172006
,336,Steinbrenner Jemilia,18.09.2004,22,Schwester,09182004
,337,Aldahik Andrieh,18.9.2009,17,Bruder,09182009
,338,Aldahik Maksim,18.9.2009,17,Bruder,09182009
,339,Moser Deborah,19.09.1989,37,Schwester,09191989
,340,Bechthold Alina,20.09.2005,21,Schwester,09202005
,341,Gesswein Martin,23.09.1995,31,Bruder,09231995
,342,Fast Lielle,23.09.2007,19,Schwester,09232007
,343,Witmaier Nelly,24.09.1988,38,Schwester,09241988
,344,Krause Walter,24.09.1991,35,Bruder,09241991
,345,Adler Gerald,25.09.1998,28,Bruder,09251998
,346,Vogel Carina,25.09.2000,26,Schwester,09252000
,347,Asselborn Florian,25.09.2004,22,Bruder,09252004
,348,Vogel Eveline,26.09.1995,31,Schwester,09261995
,349,Bayer Jonathan,26.09.1996,30,Bruder,09261996
,350,Vogel Alvis,26.09.2008,18,Bruder,09262008
,351,Just Melanie,27.09.1992,34,Schwester,09271992
,352,Jochim Justin,27.09.2007,19,Bruder,09272007
,353,Gebel Tim,27.9.2010,16,Auf Probe,09272010
,354,Frank Oksana,28.09.1984,42,Schwester,09281984
,355,Jäger Daniel,30.09.2000,26,Bruder,09302000
,356,Roth Simon,02.10.2003,23,Bruder,10022003
,357,König Selina,03.10.2003,23,Schwester,10032003
,358,Jäger Leon,04.10.2000,26,Bruder,10042000
,359,Fast Phelia,4.10.2010,16,Schwester,10042010
,360,Just Monika,05.10.2008,18,Schwester,10052008
,361,Tiede Viola,06.10.1997,29,Schwester,10061997
,362,Janzen Samuel,06.10.2001,25,Bruder,10062001
,363,Weimer Albert,06.10.2002,24,Bruder,10062002
,364,Betz Timo,07.10.2001,24,Bruder,10072001
,365,Peno Marcel,07.10.2001,24,Bruder,10072001
,366,Weimer Alex,07.10.2008,17,Bruder,10072008
,367,Fast Enrico,07.10.2009,16,Bruder,10072009
,368,Pawik Markus,08.10.1992,33,Bruder,10081992
,369,Kunz Liana,10.10.2005,20,Schwester,10102005
,370,Kindra Julia,11.10.1990,35,Schwester,10111990
,371,Langlitz Sophie,11.10.2009,16,Schwester,10112009
,372,Moser Nancy,12.10.1986,39,Schwester,10121986
,373,Ferber Sascha,12.10.1995,30,Bruder,10121995
,374,Albert Elias,12.10.2009,16,Bruder,10122009
,375,Lehr Leandro,12.10.2010,15,Bruder,10122010
,376,Barz Jana,13.10.2007,18,Schwester,10132007
,377,Gesswein Denis,15.10.1993,32,Bruder,10151993
,378,Langlitz Jana,15.10.2002,23,Schwester,10152002
,379,Gesswein Tim,15.10.2007,18,Bruder,10152007
,380,Ewert Jenny,17.10.2008,17,Schwester,10172008
,381,Stelter Lina,18.10.2009,16,Schwester,10182009
,382,Vogel Kristine,19.10.1992,33,Schwester,10191992
,383,Schneider Liana,19.10.2002,23,Schwester,10192002
,384,Eckstädt Janine,20.10.2003,22,Schwester,10202003
,385,Merkel Evita,20.10.2006,19,Schwester,10202006
,386,Nykytchenko Ester,20.10.2008,17,Schwester,10202008
,387,Fast Rafael,20.10.2009,16,Bruder,10202009
,388,Just Anita,23.10.1996,29,Schwester,10231996
,389,Gebel Elias,23.10.2007,18,Bruder,10232007
,390,Barz Michelle,24.10.2006,19,Schwester,10242006
,391,Barleben Jan Rico,24.10.2007,18,Bruder,10242007
,392,Lehr Manuela,25.10.1991,34,Schwester,10251991
,393,Arzewikin Diana,25.10.1999,26,Schwester,10251999
,394,Bayer Naemie,25.10.2008,17,Schwester,10252008
,395,Kunz Ilona,25.10.2009,16,Schwester,10252009
,396,Ewert Miriam,26.10.1999,26,Schwester,10261999
,397,Ewert Jakob,26.10.2000,25,Bruder,10262000
,398,Diwold Philipp,27.10.1995,30,Bruder,10271995
,399,Babii Lilli,27.10.2000,25,Schwester,10272000
,400,Neufeld William,27.10.2001,24,Bruder,10272001
,401,Reiter Cathleen,28.10.2008,17,Schwester,10282008
,402,Siebert Lorriane,30.10.2008,17,Schwester,10302008
,403,Schmunks Nikita,30.10.2009,16,Bruder,10302009
,404,Gesswein Lukas,31.10.1997,28,Bruder,10311997
,405,Usinger Jenny,31.10.2002,23,Schwester,10312002
,406,Kromm Jonas,31.10.2007,18,Bruder,10312007
,407,Dojan Noah,2.11.2010,15,Bruder,11022010
,408,Ewert Ronald,03.11.1995,30,Bruder,11031995
,409,Janzen Christoph,05.11.1991,34,Bruder,11051991
,410,Haselbach Christina,05.11.2000,25,Schwester,11052000
,411,Schlottgauer Luenna,05.11.2009,16,Schwester,11052009
,412,Kunz Leon,05.11.2009,16,Bruder,11052009
,413,Pazer Tim,5.11.2010,15,Bruder,11052010
,414,König Matthias,06.11.2004,21,Bruder,11062004
,415,Siebert Nico,07.11.2004,21,Bruder,11072004
,416,Zimmermann Danny,07.11.2006,19,Bruder,11072006
,417,Zimmermann Timo,07.11.2006,19,Bruder,11072006
,418,Lehr Jolien,07.11.2007,18,Schwester,11072007
,419,Kunz David,08.11.2003,22,Bruder,11082003
,420,Siebert Veronica,08.11.2007,18,Schwester,11082007
,421,Exter Sarah,10.11.1998,27,Schwester,11101998
,422,Schneider Ellen,11.11.2004,21,Schwester,11112004
,423,Fast Viola,12.11.2006,19,Schwester,11122006
,424,Pazer Rebekka,12.11.2008,17,Schwester,11122008
,425,König Emily,12.11.2010,15,Schwester,11122010
,426,Barleben Viktor,13.11.1984,41,Bruder,11131984
,427,Schoschin Stephanie,13.11.1995,30,Schwester,11131995
,428,Fast Tina,13.11.2004,21,Schwester,11132004
,429,Frank Laura,13.11.2010,15,Schwester,11132010
,430,Kotschetkow Juanita,14.11.2006,19,Schwester,11142006
,431,Gesswein Abel,15.11.1987,38,Bruder,11151987
,432,Gebel Jana,17.11.2003,22,Schwester,11172003
,433,Hermann Jenny,17.11.2004,21,Schwester,11172004
,434,Lukaschuk Alina,17.11.2006,19,Schwester,11172006
,435,Mykytiuk Kristina,19.11.2003,22,Schwester,11192003
,436,Fast Tim,19.11.2005,20,Bruder,11192005
,437,Kopili Valentina,19.11.2007,18,Schwester,11192007
,438,Kindra Hanna,20.11.1994,31,Schwester,11201994
,439,Trippel Vivian,20.11.2006,19,Schwester,11202006
,440,Häßler Andrea,21.11.1974,51,Schwester,11211974
,441,Kochai Maxym,21.11.2004,21,Bruder,11212004
,442,Gesswein Christina,22.11.2006,19,Schwester,11222006
,443,Usinger Liane,23.11.2000,25,Schwester,11232000
,444,Nezlaw Estelle,23.11.2008,17,Schwester,11232008
,445,Dumitch Kaytlin,24.11.1998,27,Schwester,11241998
,446,Roth Anita,25.11.1998,27,Schwester,11251998
,447,Peno Luis,26.11.2010,15,Bruder,11262010
,448,Kortschewski Mely,27.11.2010,15,Schwester,11272010
,449,Krumbacher Levi,28.11.2008,17,Bruder,11282008
,450,Lange Kevin,29.11.2005,20,Bruder,11292005
,451,König Jenny,30.11.2001,24,Schwester,11302001
,452,Weimer Lina,30.11.2004,21,Schwester,11302004
,453,Fast Kevin,30.11.2007,18,Bruder,11302007
,454,Gesswein Julian,01.12.2007,18,Bruder,12012007
,455,Janzen Liam,02.12.2009,16,Bruder,12022009
,456,Frank Irina,04.12.1993,32,Schwester,12041993
,457,Jung Jane,04.12.2008,17,Schwester,12042008
,458,Kopp Maximilian,05.12.2002,23,Bruder,12052002
,459,Langlitz Elias,05.12.2006,19,Bruder,12052006
,460,Siebert Fabian,05.12.2007,18,Bruder,12052007
,461,Usinger Daniel ,07.12.1995,30,Bruder,12071995
,462,Kunz Michael,07.12.2004,21,Bruder,12072004
,463,Anselm Enrico,07.12.2006,19,Bruder,12072006
,464,Derliuk Denis,9.12.2006,19,Bruder,12092006
,465,Peno Aylin,09.12.2007,18,Schwester,12092007
,466,Vogel Rebecca,10.12.1999,26,Schwester,12101999
,467,Walter Andy,11.12.1998,27,Bruder,12111998
,468,Gesswein Dennis,12.12.2001,24,Bruder,12122001
,469,Goas Jolina ,13.12.2008,17,Schwester,12132008
,470,Pazer Caroline,14.12.1998,27,Schwester,12141998
,471,Kromm Danny,15.12.2008,17,Bruder,12152008
,472,Gesswein Jannis ,15.12.2008,17,Bruder,12152008
,473,Fast Tim Luca,15.12.2008,17,Bruder,12152008
,474,Lehr Carolin,20.12.2006,19,Schwester,12202006
,475,Klause Eduard,23.12.1984,41,Bruder,12231984
,476,Gesswein Lena,23.12.2001,24,Schwester,12232001
,477,Kunz Luca,23.12.2006,19,Bruder,12232006
,478,Jung Diane,24.12.2008,17,Schwester,12242008
,479,Fast Alina,25.12.2007,18,Schwester,12252007
,480,König Justin,26.12.2004,21,Bruder,12262004
,481,Dojan Leon,27.12.2008,17,Bruder,12272008
,482,Felker Elly,28.12.2009,16,Schwester,12282009
,483,Jung Mayline,28.12.2010,15,Schwester,12282010
,484,Langlitz Milena,29.12.1996,29,Schwester,12291996
,485,Wunder Carolin,29.12.2004,21,Schwester,12292004
,486,Penkowski Joas,29.12.2006,19,Bruder,12292006
,487,Kebernik Julian,31.12.2010,15,Bruder,12312010
